platform,n,p50,p50_lo,p50_hi,p90,p90_lo,p90_hi,p95,p95_lo,p95_hi,p99,p99_lo,p99_hi,p99.9,p99.9_lo,p99.9_hi,mean
ec2,25,5.9823538458863075,5.0916204766056055,6.70393701466467,7.557238067824015,6.766525515050204,9.108027688538698,8.612287415755697,6.887796986445727,9.276563436356398,9.175441987665776,7.306536299987769,9.276563436356398,9.266451291487337,7.419709187037422,9.276563436356398,6.057432118022283
fargate,25,8.634181908158457,8.165568238720661,9.719423249317751,11.018138457981442,9.78563463893249,13.380025017226682,12.315839925455892,10.362341516883347,13.896980609013122,13.586807253941254,10.804096481316485,13.896980609013122,13.865963273505939,10.804096481316485,13.896980609013122,9.151380069781066
lambda,25,26.31474554128508,23.036675165595753,613.3053109651318,923.6394781910898,634.9236219033645,1130.7071670545183,1001.5126114296739,743.8289635088489,1216.445349693491,1165.0024401101066,810.3534683315194,1216.445349693491,1211.3010587351532,810.3534683315194,1216.445349693491,288.80233258693306
