platform,n,p50,p50_lo,p50_hi,p90,p90_lo,p90_hi,p95,p95_lo,p95_hi,p99,p99_lo,p99_hi,p99.9,p99.9_lo,p99.9_hi,mean
lambda,12,35.8065215,,,42.881148100000004,,,45.45733515,,,47.87810383000001,,,48.42277678300001,,,33.51860933333334
