platform,p95_ms,usd_per_M
ec2,3735.5388668,0.057777777777777775
fargate,9073.92188405,0.06856944444444445
lambda,39.87840279999999,0.6766206550700001
