platform,p95_ms,usd_per_M
ec2,3735.5388668,0.670277777777778
fargate,9073.92188405,0.6810694444444446
lambda,39.87840279999999,1.2266206550700003
