platform,p95_ms,usd_per_M
ec2,44.27695901614783,0.670277777777778
fargate,63.67423828637121,0.6810694444444446
lambda,167.06980350825307,2.071634692004949
